Tour,Commonality with CMSA,Min commonality with MSA,Avg commonality with MSA,Max commonality with MSA
"[0,2,25,40,37,13,17,39,21,28,29,31,33,35,36,187,38,32,15,16,188,194,196,197,3,5,6,7,8,9,10,11,12,18,19,23,22,24,26,27,20,34,14,4,30,59,106,72,113,109,73,80,149,191,46,105,112,154,137,169,143,148,84,110,158,56,156,145,102,124,114,179,126,41,165,167,153,71,62,65,178,122,91,175,168,52,159,125,89,82,172,157,57,96,163,94,81,95,86,144,43,119,76,92,115,44,45,67,130,97,98,99,174,128,131,138,63,151,133,152,141,180,78,75,49,132,100,50,186,88,147,61,183,47,79,182,193,93,134,90,146,176,68,64,170,166,77,69,139,48,58,121,195,103,111,136,42,189,66,142,185,129,87,117,74,177,190,150,120,55,135,101,104,70,123,54,155,108,127,164,184,192,181,140,160,173,53,60,161,85,107,83,116,51,118,171,162,1]",6.06,0.51,1.05,2.53
"[0,2,25,13,17,20,4,37,22,24,26,27,187,135,45,67,83,85,74,99,93,123,140,97,98,160,157,193,106,158,79,134,118,149,142,184,81,109,131,105,86,100,177,96,66,126,70,52,50,51,164,115,62,133,161,138,102,88,58,90,75,162,182,159,41,136,186,125,59,69,169,113,180,72,116,111,143,152,163,192,117,168,156,165,145,114,154,195,57,129,146,77,190,73,61,107,179,144,112,148,101,78,120,121,95,150,171,56,151,80,49,89,176,68,87,64,119,63,181,189,167,173,178,55,132,94,53,147,54,44,46,153,174,170,128,48,166,155,124,92,110,175,65,191,122,172,141,91,71,47,76,104,60,130,127,82,185,43,139,108,103,84,42,183,137,15,16,188,194,196,197,3,5,6,7,8,9,10,11,12,18,19,38,40,30,39,32,14,34,21,28,29,31,33,35,36,23,1]",6.06,0.51,1.05,2.53
"[0,2,22,24,26,27,37,13,17,15,16,188,194,196,197,3,5,6,7,8,9,10,11,12,18,19,39,4,34,14,21,28,29,31,33,35,36,187,20,38,32,25,23,40,30,171,66,172,190,137,151,152,44,77,94,127,83,160,174,80,123,166,74,81,135,159,96,68,87,88,117,126,70,136,119,106,148,95,50,182,45,149,142,181,186,162,69,61,71,132,60,111,48,98,99,176,175,157,102,158,43,150,161,46,124,141,72,140,192,63,89,163,189,93,105,56,138,145,55,110,112,116,165,113,144,133,131,120,128,134,164,108,122,51,114,76,118,42,62,53,79,101,177,191,183,185,103,169,49,155,139,84,86,178,195,104,147,109,90,64,100,156,54,179,173,180,47,121,59,52,67,91,115,167,168,107,85,41,75,146,125,130,65,129,82,184,58,97,154,73,170,57,78,92,153,193,143,1]",6.06,0.51,1.05,2.53
"[0,2,22,24,26,27,187,38,20,15,16,188,194,196,197,3,5,6,7,8,9,10,11,12,18,19,23,25,21,28,29,31,33,35,36,39,4,14,40,13,17,30,82,85,149,104,60,186,177,145,114,166,92,76,106,176,165,58,185,52,121,192,71,179,55,189,154,107,172,191,155,67,88,134,151,43,90,174,41,140,78,182,65,64,144,168,117,150,158,136,44,153,120,118,109,139,46,178,72,133,142,66,111,63,77,159,80,132,94,74,105,53,47,137,181,56,81,108,97,98,99,127,138,79,161,126,96,124,113,59,141,164,86,123,173,184,103,131,61,45,95,162,91,93,54,128,122,112,160,163,169,180,110,143,70,62,49,57,101,195,69,83,100,89,125,116,148,147,157,87,102,171,51,68,75,152,135,146,50,175,42,119,73,170,129,156,115,48,130,183,193,167,84,190,32,34,37,1]",6.06,0.51,1.05,2.53
"[0,2,22,24,26,27,187,34,160,158,139,152,190,149,78,128,167,114,150,56,91,45,143,130,145,115,176,49,99,180,97,98,41,73,67,146,88,48,156,125,92,65,182,133,163,131,118,181,185,103,79,70,86,74,171,189,81,55,106,53,42,68,193,108,116,47,140,170,138,155,60,174,179,63,43,168,120,80,52,127,102,124,46,112,50,82,144,61,117,113,77,129,69,64,59,75,54,175,71,153,162,119,157,151,72,90,147,135,191,183,169,134,137,107,44,122,62,195,121,142,177,96,141,57,186,184,165,166,85,51,93,87,94,109,111,192,89,132,76,101,126,105,66,123,173,58,161,84,95,136,110,148,159,178,100,172,164,83,154,104,38,15,16,188,194,196,197,3,5,6,7,8,9,10,11,12,18,19,30,32,37,4,14,25,20,39,23,40,21,28,29,31,33,35,36,13,17,1]",6.06,0.51,1.05,2.53
"[0,2,22,24,26,27,187,34,15,16,188,194,196,197,3,5,6,7,8,9,10,11,12,18,19,21,28,29,31,33,35,36,39,20,40,37,32,38,13,17,23,30,14,4,152,141,88,150,100,131,135,160,130,146,99,72,161,44,177,83,80,63,182,180,116,95,67,56,122,42,105,162,142,186,178,112,137,181,69,45,107,47,74,138,119,52,46,87,170,90,164,65,189,183,106,82,102,118,73,109,158,151,60,171,51,184,185,143,55,124,62,133,50,68,176,173,114,91,155,48,98,66,61,75,92,117,149,192,159,103,89,81,179,169,70,123,128,129,163,97,132,115,127,191,167,140,113,154,121,139,126,108,134,144,57,111,84,77,64,166,153,104,58,78,147,156,190,136,168,41,71,145,49,174,165,193,157,54,96,79,172,125,175,43,110,85,101,53,76,59,86,148,93,120,195,94,25,1]",6.06,0.51,1.05,2.53
"[0,2,22,24,26,27,187,32,25,39,14,34,20,23,78,52,88,42,87,151,57,189,123,105,143,94,175,60,76,101,112,174,180,107,41,46,172,155,139,140,108,182,161,100,55,150,53,110,121,195,154,191,166,48,99,69,128,132,49,98,50,158,138,72,183,130,159,131,83,86,156,148,142,136,171,79,147,122,63,95,126,96,115,114,58,103,43,157,168,160,170,51,62,45,169,116,137,44,66,106,61,56,152,82,80,163,104,73,153,192,119,181,93,90,177,134,64,89,84,75,162,176,118,97,54,167,127,144,77,92,71,173,149,109,67,186,68,124,125,129,65,190,135,120,91,146,113,185,117,74,193,133,102,141,59,70,164,165,85,111,47,184,81,178,145,179,15,16,188,194,196,197,3,5,6,7,8,9,10,11,12,18,19,13,17,38,37,40,21,28,29,31,33,35,36,4,30,1]",6.06,0.51,1.05,2.53
"[0,2,22,24,26,27,187,21,28,29,31,33,35,36,15,16,188,194,196,197,3,5,6,7,8,9,10,11,12,18,19,4,20,34,37,25,13,17,23,30,40,164,83,49,99,142,146,98,93,88,111,103,184,95,121,155,69,153,74,86,134,57,102,71,124,144,65,96,147,77,186,178,44,170,130,92,112,109,45,97,60,100,67,177,161,61,129,104,80,94,76,192,81,47,128,148,90,122,172,135,56,64,156,169,179,58,141,180,62,116,42,171,114,145,82,173,53,46,66,127,115,52,123,195,133,152,108,120,75,176,89,126,190,132,87,191,113,159,154,185,157,182,118,168,165,41,149,50,166,110,101,125,151,48,91,59,160,174,78,79,107,54,162,167,163,175,140,117,137,150,189,55,158,181,143,63,72,70,183,84,139,136,43,73,68,138,51,105,119,131,85,193,106,32,39,14,38,1]",6.06,0.51,1.05,2.53
"[0,2,21,28,29,31,33,35,36,40,20,38,32,22,24,26,27,187,4,96,123,142,144,98,99,126,83,130,88,58,177,181,118,131,164,152,185,172,169,149,165,109,115,150,112,91,71,42,183,55,153,138,116,145,53,107,161,75,158,54,154,151,114,73,184,129,167,102,90,176,162,174,103,190,74,68,127,132,50,146,85,78,155,117,56,45,121,160,52,77,147,105,95,140,148,143,141,94,120,92,66,70,69,57,168,100,163,195,179,79,156,61,80,139,106,136,62,44,122,173,128,125,46,189,64,63,67,65,178,108,51,86,89,76,137,84,186,93,191,159,175,41,59,43,135,124,193,101,49,171,104,72,60,157,133,119,180,82,87,110,111,48,182,97,170,81,47,113,166,192,134,13,17,25,15,16,188,194,196,197,3,5,6,7,8,9,10,11,12,18,19,34,14,39,37,23,30,1]",6.06,1.01,1.05,2.53
"[0,2,21,28,29,31,33,35,36,23,38,20,25,15,16,188,194,196,197,3,5,6,7,8,9,10,11,12,18,19,4,30,22,24,26,27,187,34,40,39,14,13,17,32,37,121,146,99,118,117,110,74,150,75,125,144,141,139,129,73,58,138,63,82,96,177,170,54,171,126,42,156,69,122,44,165,158,106,151,184,57,143,152,59,185,130,180,70,114,179,116,88,48,98,67,81,105,113,79,149,53,101,145,107,190,123,61,134,94,140,147,89,111,193,100,43,181,169,195,112,84,45,124,93,178,160,168,76,66,83,136,166,131,50,49,91,175,85,115,133,80,56,41,72,62,155,164,64,173,87,46,186,182,167,78,153,148,191,157,90,55,52,108,104,119,192,47,86,102,176,142,92,60,109,161,189,103,65,77,128,127,97,154,51,137,135,172,71,162,120,159,183,163,132,95,174,68,1]",6.06,1.01,1.05,2.53
"[0,2,21,28,29,31,33,35,36,187,13,17,37,14,34,32,39,38,50,189,66,122,192,190,58,186,48,99,76,181,149,107,65,96,159,84,147,98,134,140,114,160,128,49,157,182,57,125,113,124,141,88,71,104,53,83,61,59,117,132,144,95,54,150,151,127,119,165,174,133,68,120,171,78,102,46,69,105,93,170,64,138,45,185,42,92,103,90,56,152,81,191,97,164,168,135,111,142,177,172,115,158,86,179,155,73,175,129,137,126,70,100,178,131,161,77,176,60,87,143,43,101,167,162,116,79,72,106,110,112,193,121,67,63,145,154,74,184,47,166,109,52,89,139,163,136,62,75,169,55,80,183,41,180,153,156,82,91,85,148,51,195,118,123,146,130,108,44,94,173,22,24,26,27,30,23,40,15,16,188,194,196,197,3,5,6,7,8,9,10,11,12,18,19,25,20,4,1]",6.06,1.01,1.05,2.53
"[0,2,20,40,25,34,38,4,13,17,22,24,26,27,187,14,139,57,109,86,62,95,126,185,163,189,58,121,125,159,51,154,183,157,137,78,89,107,175,140,67,94,169,134,124,50,93,176,91,128,143,97,99,150,68,152,184,193,52,142,133,132,166,153,186,60,164,147,98,70,167,82,114,74,145,119,72,64,44,138,85,130,111,61,43,87,96,63,165,190,122,123,141,120,47,45,156,110,104,59,66,108,100,182,151,173,46,155,170,76,160,158,32,39,15,16,188,194,196,197,3,5,6,7,8,9,10,11,12,18,19,30,21,28,29,31,33,35,36,71,162,41,105,90,49,148,180,144,81,127,69,129,178,149,53,179,131,56,195,192,174,116,55,168,146,103,172,75,65,191,102,48,115,177,181,88,106,80,113,171,136,54,42,73,135,112,101,118,92,161,117,84,77,83,79,37,23,1]",6.06,0.51,1.05,2.53
"[0,2,20,39,25,37,21,28,29,31,33,35,36,187,23,22,24,26,27,15,16,188,194,196,197,3,5,6,7,8,9,10,11,12,18,19,14,32,30,13,17,34,40,38,4,158,126,193,150,94,87,172,179,76,137,136,180,131,122,63,160,86,121,173,132,169,118,91,81,195,171,74,154,155,184,157,103,123,92,69,146,98,99,67,75,161,102,46,148,189,185,80,114,107,177,134,78,113,52,142,125,135,108,95,96,100,163,66,110,141,166,143,167,50,181,56,43,116,49,89,64,178,53,153,44,119,85,101,182,115,72,176,59,117,106,170,164,152,58,128,192,139,129,145,57,186,165,151,54,41,47,183,162,133,61,77,104,109,120,51,68,111,84,93,190,42,60,65,149,130,71,191,168,175,147,55,144,83,112,156,159,174,90,45,70,73,138,124,79,82,97,88,48,127,140,105,62,1]",6.06,0.51,1.05,2.53
"[0,2,20,37,25,15,16,188,194,196,197,3,5,6,7,8,9,10,11,12,18,19,13,17,14,4,30,165,46,44,163,142,109,55,51,124,164,123,65,42,122,146,99,85,170,159,50,128,79,107,72,78,105,58,121,143,110,120,158,115,52,138,179,147,98,134,62,91,178,56,176,45,68,80,191,113,70,119,145,149,75,151,131,106,177,71,144,117,153,48,83,76,139,125,86,137,160,89,192,193,171,102,168,64,141,112,94,66,116,140,135,150,92,136,166,129,54,103,57,182,154,132,133,167,162,155,74,60,173,61,169,161,130,96,43,59,47,108,156,174,185,104,180,97,88,152,190,53,90,111,100,67,41,184,77,69,87,186,181,81,148,49,183,93,126,63,195,118,189,127,95,84,114,172,101,157,82,175,73,22,24,26,27,21,28,29,31,33,35,36,187,32,39,38,34,23,40,1]",6.06,0.51,1.05,2.53
"[0,2,20,25,14,22,24,26,27,23,13,17,40,32,39,15,16,188,194,196,197,3,5,6,7,8,9,10,11,12,18,19,37,21,28,29,31,33,35,36,187,30,4,38,34,45,131,83,177,47,52,130,143,152,57,49,98,99,157,48,90,113,185,102,123,104,50,84,71,195,135,111,155,43,65,103,70,151,62,87,176,183,153,120,64,127,148,141,118,85,77,92,67,78,72,133,147,172,94,109,156,142,186,154,136,108,101,116,124,89,181,66,126,93,173,59,105,168,51,68,132,158,42,192,61,75,189,56,107,55,174,115,54,41,88,110,180,179,129,91,53,58,164,190,134,80,166,145,161,97,60,175,82,79,146,100,159,114,95,86,149,81,46,191,138,162,184,165,171,167,178,117,106,169,119,139,76,137,182,63,44,150,74,121,163,73,193,160,144,96,128,112,69,122,140,170,125,1]",6.06,0.51,1.05,2.53
"[0,2,20,25,13,17,32,37,30,14,39,22,24,26,27,21,28,29,31,33,35,36,187,38,15,16,188,194,196,197,3,5,6,7,8,9,10,11,12,18,19,4,34,23,40,103,152,193,118,80,162,122,165,62,135,159,100,115,90,124,123,183,47,127,119,145,163,101,85,184,133,150,75,173,77,117,72,149,134,46,113,86,114,65,59,141,142,57,190,168,52,116,98,99,53,156,137,169,50,83,88,64,160,84,130,43,79,45,51,91,192,69,153,157,167,74,60,41,81,49,186,92,66,172,151,63,171,95,154,125,139,148,42,55,58,128,109,96,131,67,107,181,73,195,144,164,105,161,132,177,138,146,120,76,87,178,191,175,129,126,180,158,94,147,54,48,93,155,189,112,82,108,71,106,140,97,70,179,174,185,44,102,136,143,110,166,61,176,111,104,78,121,170,68,89,56,182,1]",6.06,0.51,1.05,2.53
"[0,2,20,23,32,39,22,24,26,27,4,21,28,29,31,33,35,36,187,15,16,188,194,196,197,3,5,6,7,8,9,10,11,12,18,19,30,38,14,34,40,37,25,168,134,90,124,133,178,75,56,135,103,180,192,63,70,97,99,181,51,154,52,68,145,191,123,92,76,89,139,105,157,110,160,136,147,98,81,142,46,152,82,102,165,171,113,161,94,164,170,128,125,141,132,104,137,53,146,138,86,175,156,41,172,163,149,119,116,131,84,151,144,169,140,111,58,143,184,65,130,109,49,77,50,74,126,60,48,148,106,121,115,183,127,153,112,62,45,72,120,185,108,85,59,166,150,101,193,67,162,182,93,44,57,100,195,73,176,155,174,69,83,64,78,189,42,80,190,95,66,177,61,117,47,91,54,114,129,88,122,159,79,55,107,87,173,167,71,179,158,118,186,96,43,13,17,1]",6.06,0.51,1.05,2.53
"[0,2,20,21,28,29,31,33,35,36,37,38,30,13,17,23,25,155,83,110,166,156,178,177,44,184,142,179,176,169,65,171,157,180,125,53,68,112,64,100,144,72,181,185,43,149,114,190,170,57,76,60,128,186,130,88,80,145,139,118,56,148,136,119,55,94,103,93,87,73,163,191,140,42,54,86,78,168,154,81,138,160,131,106,45,183,95,150,66,92,127,175,120,137,162,161,122,113,189,133,90,91,174,115,96,124,69,61,134,47,82,193,107,151,152,165,182,129,63,146,132,158,59,153,84,173,77,46,159,172,41,164,111,79,75,121,108,123,143,50,58,167,62,85,104,102,109,52,126,67,135,51,117,48,71,101,89,141,74,4,22,24,26,27,187,32,14,40,49,99,116,97,98,70,105,192,147,195,15,16,188,194,196,197,3,5,6,7,8,9,10,11,12,18,19,39,34,1]",6.06,0.51,1.05,2.53
"[0,2,20,15,16,188,194,196,197,3,5,6,7,8,9,10,11,12,18,19,23,59,177,157,130,184,185,166,126,60,58,108,160,71,158,114,43,68,80,153,47,84,156,179,73,56,115,149,77,81,109,118,74,186,54,122,116,95,141,72,147,99,120,190,183,146,98,57,154,45,180,48,105,151,86,44,79,100,161,78,140,134,176,94,175,67,76,182,107,169,83,88,163,123,63,92,191,117,62,144,133,193,93,195,159,132,55,106,53,51,131,129,124,136,162,104,50,103,192,155,143,46,42,167,181,119,113,178,171,90,85,52,91,89,165,82,70,97,174,128,148,102,110,75,189,49,152,138,139,150,170,61,145,101,64,127,112,172,137,125,41,65,69,87,96,142,66,135,121,111,164,173,168,30,14,40,4,38,25,39,37,22,24,26,27,187,32,21,28,29,31,33,35,36,13,17,34,1]",6.06,0.51,1.05,2.53
"[0,2,20,14,34,4,22,24,26,27,187,13,17,21,28,29,31,33,35,36,25,40,32,37,23,38,91,73,142,157,62,92,70,129,65,191,174,184,113,97,99,177,167,181,74,193,95,118,123,121,102,61,83,160,189,192,115,68,79,72,84,104,52,175,120,135,110,195,162,128,42,47,154,71,51,169,134,100,49,98,45,43,60,67,127,75,133,119,147,117,77,90,130,80,66,53,183,44,88,55,56,137,132,155,190,153,64,131,168,151,46,150,140,87,170,89,126,82,176,161,111,139,93,186,141,69,106,149,171,59,185,101,57,180,54,94,63,108,136,41,78,107,103,152,112,145,116,178,173,58,122,166,164,48,85,182,109,76,158,96,124,148,156,125,144,105,81,159,143,179,50,146,172,163,165,138,86,114,15,16,188,194,196,197,3,5,6,7,8,9,10,11,12,18,19,30,39,1]",6.06,0.51,1.05,2.53
"[0,2,20,120,166,153,51,53,108,44,106,88,154,123,170,74,137,93,179,99,43,109,103,41,105,148,139,75,47,72,183,112,113,190,73,164,119,140,146,98,115,151,195,134,165,96,100,144,191,147,121,173,42,128,152,95,104,64,157,65,87,189,70,90,48,78,136,185,50,84,171,107,83,129,181,175,55,131,71,178,54,77,180,184,172,76,110,135,168,80,161,52,57,68,58,160,127,174,163,143,85,132,82,193,155,141,60,177,69,46,62,167,118,145,81,49,126,102,159,45,94,67,116,156,111,117,130,150,61,162,114,192,176,86,124,97,158,169,59,125,63,89,56,186,142,91,101,79,92,66,133,138,149,122,182,15,16,188,194,196,197,3,5,6,7,8,9,10,11,12,18,19,13,17,38,34,23,21,28,29,31,33,35,36,14,30,4,22,24,26,27,187,37,39,40,32,25,1]",6.06,0.51,1.05,2.53
"[0,2,20,109,95,167,195,192,178,118,104,93,169,74,73,79,175,160,81,56,55,124,177,113,116,41,117,146,99,171,129,57,161,132,184,179,100,165,172,158,121,42,180,190,153,102,105,53,155,148,83,120,126,82,141,130,60,168,182,69,170,72,85,47,111,89,149,151,48,98,157,164,156,58,128,101,173,163,45,107,119,181,166,90,127,154,193,174,80,66,52,114,136,191,92,145,110,91,135,125,88,96,186,54,103,94,65,51,137,75,49,64,143,162,62,67,97,59,122,134,159,86,44,131,77,78,152,61,183,84,147,46,189,43,106,139,70,140,68,138,71,133,144,87,150,108,63,142,176,115,50,123,185,76,112,34,37,25,30,40,15,16,188,194,196,197,3,5,6,7,8,9,10,11,12,18,19,39,32,23,22,24,26,27,14,21,28,29,31,33,35,36,187,38,4,13,17,1]",6.06,0.51,1.05,2.53
"[0,2,15,16,188,194,196,197,3,5,6,7,8,9,10,11,12,18,19,4,30,37,39,38,21,28,29,31,33,35,36,187,22,24,26,27,23,40,14,85,96,160,173,143,136,190,104,121,53,45,108,42,165,169,64,172,97,98,99,76,81,74,195,135,156,55,161,181,183,77,90,80,130,177,139,191,75,120,116,94,133,193,180,68,137,144,155,179,57,192,146,91,50,49,124,122,84,159,164,65,88,79,182,128,176,125,163,129,145,41,147,67,70,152,92,103,114,131,105,113,150,87,140,60,126,151,43,168,185,118,117,171,72,63,157,71,170,111,89,62,175,82,138,142,58,123,127,52,154,134,66,47,119,101,158,153,83,59,148,141,51,115,86,48,95,44,109,166,186,162,110,184,54,61,93,69,102,112,149,189,56,174,106,107,132,167,73,46,78,178,100,25,20,32,13,17,34,1]",6.06,1.01,1.05,2.53
"[0,2,15,16,188,194,196,197,3,5,6,7,8,9,10,11,12,18,19,4,14,21,28,29,31,33,35,36,187,34,25,38,30,39,20,40,37,22,24,26,27,32,13,17,23,168,69,126,139,121,164,48,98,99,176,147,114,73,55,169,142,195,115,53,58,171,97,119,103,96,127,132,153,136,125,90,165,184,44,57,60,143,64,112,162,65,94,146,159,149,51,177,63,123,151,45,83,166,74,79,180,173,156,59,41,107,129,54,148,49,111,92,70,124,120,155,131,75,193,122,102,85,91,137,118,152,93,189,160,175,56,95,66,72,182,47,62,181,190,106,61,82,183,154,87,109,101,71,104,134,178,113,108,167,43,46,192,186,170,50,86,77,67,172,117,116,161,81,80,130,158,88,68,163,42,141,133,144,76,110,52,145,105,174,185,138,150,100,179,140,128,84,191,89,135,157,78,1]",6.06,1.01,1.05,2.53
"[0,2,15,16,188,194,196,197,3,5,6,7,8,9,10,11,12,18,19,39,41,68,84,144,112,59,142,91,152,58,76,189,96,150,61,86,115,177,139,184,175,131,100,174,46,193,85,73,126,108,72,173,82,111,195,101,98,118,60,114,67,164,51,89,42,149,88,80,153,103,181,49,133,102,77,191,83,106,74,182,78,145,129,178,113,53,64,81,168,56,162,186,110,180,167,192,120,134,172,137,161,147,158,146,94,130,169,65,92,163,148,57,127,121,190,159,44,79,95,128,119,154,140,183,54,50,143,155,71,116,109,52,48,117,93,132,179,75,166,176,87,151,157,160,34,40,47,136,105,45,43,171,62,90,165,141,156,66,122,70,97,99,185,123,124,170,69,107,125,138,104,135,63,55,20,38,25,4,14,22,24,26,27,187,37,32,21,28,29,31,33,35,36,30,13,17,23,1]",6.06,1.01,1.05,2.53
"[0,2,15,16,188,194,196,197,3,5,6,7,8,9,10,11,12,18,19,37,32,30,34,106,168,65,109,177,170,62,157,167,158,89,164,73,112,43,56,169,95,152,59,191,178,156,44,183,42,195,90,141,72,130,125,80,136,145,46,142,58,63,51,186,132,61,57,60,144,103,79,78,71,114,81,107,172,150,176,86,153,41,155,105,143,94,84,116,45,48,98,99,75,163,161,166,189,118,111,140,92,77,185,53,117,147,149,55,138,146,47,100,121,83,179,137,93,129,171,119,124,54,193,66,91,101,151,128,160,182,184,104,96,127,87,69,162,64,50,154,110,181,102,175,113,115,108,139,74,180,123,120,52,159,97,148,68,85,134,135,173,76,88,126,82,122,67,174,192,70,190,131,49,133,165,14,38,13,17,40,23,25,20,21,28,29,31,33,35,36,187,4,39,22,24,26,27,1]",6.06,1.01,1.05,2.53
"[0,2,15,16,188,194,196,197,3,5,6,7,8,9,10,11,12,18,19,34,40,13,17,4,30,32,21,28,29,31,33,35,36,187,37,23,14,38,39,25,20,22,24,26,27,162,177,57,116,193,87,154,81,171,91,178,156,110,68,134,126,55,43,101,153,158,181,54,102,179,149,138,121,65,73,45,86,79,190,132,186,127,76,120,49,99,191,124,42,185,51,135,115,152,119,159,92,75,139,41,96,125,176,108,111,122,146,98,192,60,160,189,62,44,100,128,88,175,77,66,147,93,82,50,74,143,95,169,157,78,167,61,104,103,47,83,52,168,166,89,182,105,123,141,155,136,69,144,63,180,129,48,107,172,163,53,94,174,71,58,184,109,173,97,84,164,46,113,106,145,165,80,117,64,170,70,133,131,118,59,72,161,130,90,56,85,150,151,137,195,67,148,142,140,183,112,114,1]",6.06,1.01,1.05,2.53
"[0,2,15,16,188,194,196,197,3,5,6,7,8,9,10,11,12,18,19,32,30,21,28,29,31,33,35,36,14,22,24,26,27,187,106,90,104,62,88,178,89,118,138,189,39,20,40,37,34,38,152,172,113,141,96,130,175,161,171,124,123,115,179,80,157,126,103,50,23,25,4,41,129,60,120,177,139,101,176,56,111,127,67,92,180,53,169,82,184,94,144,58,77,122,133,57,150,110,99,192,185,163,131,54,135,55,70,42,61,181,85,45,164,183,87,154,128,81,68,149,100,116,125,79,84,78,174,182,93,76,46,158,193,72,153,69,108,97,98,114,186,190,47,51,63,117,132,137,65,102,191,112,86,166,105,145,71,168,48,170,162,52,148,73,44,59,195,155,142,43,156,140,91,173,75,107,95,49,134,74,66,109,146,64,147,83,151,136,143,165,121,159,160,167,119,13,17,1]",6.06,1.01,1.05,2.53
"[0,2,15,16,188,194,196,197,3,5,6,7,8,9,10,11,12,18,19,30,4,38,13,17,39,37,34,32,21,28,29,31,33,35,36,14,25,22,24,26,27,187,23,40,20,81,92,140,129,76,191,122,96,175,61,142,55,110,59,171,83,145,127,118,159,161,179,102,86,193,48,98,99,167,136,134,172,143,149,195,60,56,67,69,109,51,120,41,82,94,70,146,148,112,104,186,141,75,65,106,158,46,42,121,107,126,66,184,180,85,144,89,170,119,80,152,166,157,139,84,74,128,62,63,192,50,132,168,64,73,163,165,151,154,156,47,68,117,72,174,182,71,177,58,123,93,130,183,53,95,135,52,97,189,153,124,160,91,44,111,116,147,178,79,185,137,133,150,131,115,101,114,57,45,138,100,49,190,173,176,54,77,90,108,43,78,105,125,164,87,181,113,103,155,169,88,162,1]",6.06,1.01,1.05,2.53
"[0,2,15,16,188,194,196,197,3,5,6,7,8,9,10,11,12,18,19,25,4,14,23,20,40,22,24,26,27,32,13,17,38,37,21,28,29,31,33,35,36,187,30,39,34,120,88,128,190,76,90,111,144,48,98,99,94,161,57,180,158,58,106,125,65,87,100,95,172,108,146,64,86,123,80,107,156,84,171,96,49,175,45,77,61,112,189,164,82,93,141,74,114,162,176,133,165,173,67,174,134,56,85,50,53,68,132,135,139,71,149,109,105,148,154,150,126,184,142,131,193,63,54,157,191,167,181,145,182,185,97,75,73,60,159,195,103,55,127,62,151,143,168,70,47,169,43,119,129,177,79,104,116,192,179,78,122,89,92,51,81,140,59,138,110,166,163,117,183,178,101,152,72,69,153,83,41,124,118,52,113,115,130,137,66,136,155,186,44,42,46,147,91,170,121,160,102,1]",6.06,1.01,1.05,2.53
"[0,2,15,16,188,194,196,197,3,5,6,7,8,9,10,11,12,18,19,23,37,20,38,40,34,22,24,26,27,30,39,25,13,17,14,4,32,21,28,29,31,33,35,36,187,71,130,93,79,83,41,97,99,113,49,98,105,138,94,96,141,154,92,70,108,150,76,185,171,107,184,195,73,128,144,172,147,82,193,152,81,169,64,186,136,156,148,91,162,182,85,103,60,61,119,65,133,50,160,90,131,181,100,116,145,53,132,57,102,66,109,159,55,78,137,180,115,151,124,167,179,77,127,121,42,84,140,75,173,176,59,101,165,178,46,164,118,166,174,120,62,69,139,56,183,72,146,86,158,142,161,74,189,149,43,175,88,190,122,44,67,135,63,168,104,126,129,177,47,95,192,45,157,111,112,51,123,191,114,170,52,68,134,48,87,155,80,89,58,125,143,163,106,153,110,117,54,1]",6.06,1.01,1.05,2.53
"[0,2,15,16,188,194,196,197,3,5,6,7,8,9,10,11,12,18,19,23,146,98,99,180,135,126,120,190,113,140,54,80,55,95,160,68,64,155,186,83,47,57,123,119,170,50,115,76,114,112,161,173,193,137,125,110,164,191,48,51,154,134,93,143,166,163,148,127,69,181,49,96,72,121,151,185,130,179,78,138,61,174,58,117,150,192,176,145,131,101,94,104,44,90,82,41,56,85,73,62,189,195,162,129,81,105,100,178,165,182,42,133,149,144,92,158,136,84,157,70,116,91,67,172,89,86,168,88,124,71,43,109,102,108,152,167,53,141,118,153,74,79,156,46,183,63,60,128,132,177,169,45,106,142,66,111,77,139,65,184,122,87,97,75,59,103,52,147,175,171,107,159,40,13,17,39,4,38,34,37,30,20,22,24,26,27,187,14,32,25,21,28,29,31,33,35,36,1]",6.06,1.01,1.05,2.53
"[0,2,15,16,188,194,196,197,3,5,6,7,8,9,10,11,12,18,19,23,13,17,32,38,34,21,28,29,31,33,35,36,187,25,20,40,37,39,4,148,91,79,115,140,184,64,82,127,164,53,181,61,49,98,99,129,87,182,104,161,149,59,168,105,171,74,169,62,191,162,119,156,81,137,114,195,56,77,175,174,118,141,135,70,150,128,190,117,68,63,173,85,42,189,193,136,58,80,154,147,185,97,145,89,172,110,125,177,153,65,45,146,106,46,51,183,180,124,176,151,142,88,131,44,160,144,139,94,78,163,130,138,167,71,84,75,123,159,155,83,57,41,103,54,90,76,134,122,43,93,166,50,112,143,111,186,170,55,165,102,47,48,101,96,192,92,52,126,66,73,100,108,60,109,121,113,67,158,72,179,120,86,178,133,152,157,132,116,95,69,107,22,24,26,27,14,30,1]",6.06,1.01,1.05,2.53
"[0,2,15,16,188,194,196,197,3,5,6,7,8,9,10,11,12,18,19,21,28,29,31,33,35,36,37,4,39,25,23,30,13,17,32,22,24,26,27,187,38,14,20,40,34,145,45,61,90,125,164,57,185,173,75,119,74,170,80,73,68,167,186,160,118,55,151,177,172,101,111,77,67,47,100,150,158,42,49,99,60,58,146,98,88,162,155,69,70,128,54,92,51,139,107,190,126,59,66,65,169,97,130,168,117,78,62,124,175,50,71,134,147,44,53,87,142,174,79,143,86,156,136,157,94,112,192,76,116,84,102,96,91,154,110,137,182,195,176,181,109,106,144,114,83,163,95,140,103,138,52,133,178,115,161,148,191,43,63,127,183,159,165,64,135,180,93,122,82,149,89,153,166,193,85,121,41,131,132,108,179,171,120,184,72,152,46,104,123,105,113,141,48,189,81,129,56,1]",6.06,1.01,1.05,2.53
"[0,2,15,16,188,194,196,197,3,5,6,7,8,9,10,11,12,18,19,21,28,29,31,33,35,36,37,38,20,39,40,25,30,32,14,23,22,24,26,27,187,4,34,13,17,74,114,149,152,144,116,151,117,100,52,135,81,93,54,179,92,43,146,98,99,59,67,80,91,75,134,182,96,159,160,139,50,61,189,121,97,64,125,45,130,118,165,183,138,169,161,141,154,68,173,86,111,62,105,103,104,84,155,48,147,71,72,184,55,65,172,195,150,137,53,185,108,101,83,56,124,127,60,88,191,77,148,128,87,166,57,177,174,170,90,115,158,164,73,192,190,85,41,119,126,113,157,79,131,153,76,129,132,156,136,49,180,175,109,140,178,42,143,63,145,107,94,123,82,186,69,133,78,51,120,70,142,122,47,181,58,106,168,176,46,171,102,167,112,193,110,66,89,44,95,162,163,1]",6.06,1.01,1.05,2.53
"[0,2,15,16,188,194,196,197,3,5,6,7,8,9,10,11,12,18,19,21,28,29,31,33,35,36,25,14,39,4,34,13,17,23,30,40,22,24,26,27,187,32,20,141,77,99,76,80,122,124,133,127,94,139,108,165,109,175,120,91,102,59,69,79,185,178,113,180,89,177,88,104,107,181,86,170,53,63,150,70,100,103,101,131,49,98,184,192,138,164,54,149,115,111,190,162,58,173,45,156,136,158,152,125,146,84,60,47,95,114,132,81,62,176,137,87,169,145,183,126,97,160,155,74,172,129,153,66,46,57,105,147,48,71,41,128,186,106,134,78,72,123,42,51,148,168,171,154,112,151,116,90,167,119,92,142,135,144,191,75,55,121,159,195,82,189,44,193,83,166,118,157,117,65,110,85,50,43,52,96,61,67,56,163,68,174,140,64,143,93,130,73,182,161,179,37,38,1]",6.06,1.01,1.05,2.53
"[0,2,15,16,188,194,196,197,3,5,6,7,8,9,10,11,12,18,19,20,25,34,21,28,29,31,33,35,36,38,30,13,17,23,37,22,24,26,27,187,138,165,167,64,126,182,142,111,42,66,54,195,107,91,51,145,69,189,149,41,127,104,72,65,81,94,71,183,75,80,190,57,106,112,168,118,152,83,159,136,76,150,115,166,53,45,160,124,181,131,101,96,58,185,85,147,99,154,88,50,133,161,103,143,77,86,146,98,123,102,186,61,172,117,78,120,162,84,67,79,171,178,191,175,92,135,113,151,158,139,184,141,192,68,70,128,110,176,134,177,148,100,169,125,155,62,132,89,52,55,48,114,63,122,116,44,170,129,74,105,82,157,137,49,43,144,121,180,59,90,163,153,56,164,156,179,47,108,119,130,60,193,174,46,109,140,97,93,73,95,87,173,14,32,40,39,4,1]",6.06,1.01,1.05,2.53
"[0,2,15,16,188,194,196,197,3,5,6,7,8,9,10,11,12,18,19,13,17,34,38,22,24,26,27,187,20,4,37,14,25,21,28,29,31,33,35,36,32,30,39,23,40,176,83,92,94,192,163,130,159,118,111,73,60,126,43,151,120,76,99,81,103,190,133,110,121,172,143,134,174,52,189,88,138,145,100,173,62,156,180,129,69,169,50,170,108,74,181,87,49,98,53,127,63,42,150,113,141,107,154,177,132,160,54,162,104,158,48,67,45,117,161,195,51,137,79,184,97,123,146,96,125,153,182,70,114,183,93,46,72,166,91,84,47,68,168,105,86,124,167,115,179,186,164,44,122,101,144,64,116,75,77,178,85,71,165,175,58,128,78,171,57,65,41,139,119,82,131,191,136,149,95,106,61,148,89,109,56,135,152,59,90,147,55,80,102,140,142,193,66,157,112,155,185,1]",6.06,1.01,1.05,2.53
"[0,2,15,16,188,194,196,197,3,5,6,7,8,9,10,11,12,18,19,115,44,139,88,183,179,137,129,66,92,171,102,181,159,176,185,124,169,94,42,58,166,189,138,145,67,154,48,99,101,118,190,177,85,81,70,83,140,104,195,57,147,98,89,126,77,172,76,93,105,53,161,97,79,87,162,80,45,173,95,86,123,120,41,168,43,160,136,122,134,74,130,180,109,46,167,184,65,78,91,60,108,186,142,73,156,148,193,163,146,178,152,158,132,50,51,63,144,103,125,128,62,131,112,106,111,127,155,141,114,110,96,170,55,150,71,75,143,54,174,153,157,117,59,90,84,133,107,191,113,175,69,116,119,52,49,182,82,165,56,149,47,164,100,192,135,151,72,121,61,64,68,37,39,32,22,24,26,27,187,30,14,25,34,20,40,4,21,28,29,31,33,35,36,38,13,17,23,1]",6.06,1.01,1.05,2.53
"[0,2,140,69,99,153,82,127,186,66,131,113,57,116,141,124,182,92,52,176,86,163,135,167,58,147,98,105,47,50,101,151,96,175,158,169,45,83,189,179,100,48,80,49,118,120,122,44,159,81,67,90,126,108,78,130,144,165,95,174,164,160,138,75,72,180,125,129,54,91,43,183,117,114,157,79,146,192,136,134,150,112,64,128,41,68,71,63,53,152,73,185,56,42,77,85,154,162,106,97,123,190,62,155,142,156,70,89,46,110,195,109,121,170,184,177,65,87,93,166,178,191,119,115,149,193,168,88,111,59,172,133,139,132,171,84,76,148,143,94,55,137,51,74,107,61,161,102,104,173,145,60,103,181,15,16,188,194,196,197,3,5,6,7,8,9,10,11,12,18,19,13,17,32,37,22,24,26,27,187,14,23,34,40,4,21,28,29,31,33,35,36,25,30,38,20,39,1]",6.06,0.51,1.05,2.53
"[0,2,14,94,67,142,190,191,65,166,68,105,70,176,95,111,64,145,53,82,108,119,182,121,137,141,75,185,162,183,102,79,42,90,134,179,173,104,181,148,41,127,195,136,159,86,69,48,98,99,144,129,118,62,89,161,128,71,154,125,55,158,106,84,60,131,168,66,126,100,87,110,120,186,44,80,193,178,73,93,116,180,156,45,160,163,113,138,157,189,72,172,50,153,165,164,115,52,174,54,152,169,97,184,140,74,61,63,149,171,83,130,81,96,151,57,192,143,77,51,101,47,43,117,76,114,88,139,167,103,58,109,170,78,175,85,56,59,132,112,133,150,107,146,123,49,124,91,135,177,92,46,122,147,155,20,23,40,39,13,17,37,15,16,188,194,196,197,3,5,6,7,8,9,10,11,12,18,19,21,28,29,31,33,35,36,187,22,24,26,27,34,32,30,38,4,25,1]",6.06,0.51,1.05,2.53
"[0,2,14,40,13,17,22,24,26,27,23,15,16,188,194,196,197,3,5,6,7,8,9,10,11,12,18,19,38,20,30,25,21,28,29,31,33,35,36,187,37,39,32,34,86,103,61,129,95,160,122,190,168,41,165,164,138,92,118,52,145,45,43,153,55,58,193,120,132,121,134,110,155,148,65,156,113,73,102,46,180,84,159,81,112,166,72,94,172,137,189,116,63,136,50,44,185,127,152,191,158,80,177,111,67,105,119,128,176,117,53,130,64,57,151,157,147,99,115,66,79,133,70,143,54,96,123,173,179,85,125,186,49,98,93,104,51,141,100,68,178,107,161,174,135,74,162,154,108,87,76,78,170,182,150,114,181,56,146,109,126,167,184,163,144,195,192,175,47,149,101,140,183,139,106,62,131,82,142,83,42,60,59,90,88,69,75,124,97,91,89,169,171,71,48,77,4,1]",6.06,0.51,1.05,2.53
"[0,2,14,39,4,40,32,21,28,29,31,33,35,36,23,34,25,38,20,30,15,16,188,194,196,197,3,5,6,7,8,9,10,11,12,18,19,13,17,22,24,26,27,187,37,195,144,71,189,112,143,87,83,56,55,75,148,113,110,53,170,127,96,190,80,111,76,124,59,70,179,175,62,68,86,164,157,74,141,64,139,67,79,41,169,94,166,161,129,57,147,99,69,114,106,180,108,48,98,100,176,121,186,103,43,191,89,165,51,177,182,54,185,128,90,107,77,119,174,118,44,155,193,150,52,158,61,104,142,46,65,47,117,58,183,131,66,134,93,130,140,178,132,116,123,135,125,154,122,85,184,152,146,88,137,162,126,63,45,115,149,145,163,151,172,181,91,81,102,49,101,156,136,173,159,95,78,192,138,171,72,97,42,92,168,120,60,73,50,84,109,82,105,167,160,153,133,1]",6.06,0.51,1.05,2.53
"[0,2,14,39,38,40,32,13,17,37,21,28,29,31,33,35,36,20,15,16,188,194,196,197,3,5,6,7,8,9,10,11,12,18,19,22,24,26,27,187,30,34,23,4,25,47,105,103,109,93,110,186,51,65,167,63,124,97,99,86,126,119,176,48,98,66,55,54,153,171,145,112,82,69,146,61,75,127,101,170,148,182,159,117,50,135,161,190,72,147,58,46,83,123,168,158,57,111,73,71,59,131,173,193,191,56,154,137,94,53,185,88,100,115,130,132,121,133,139,118,116,104,134,44,125,79,42,184,67,181,89,70,138,189,172,143,78,151,175,155,45,157,174,102,91,142,41,141,107,164,90,169,80,87,166,156,108,178,136,96,122,152,144,74,163,113,177,68,162,150,140,114,160,43,183,149,128,95,64,84,81,106,85,76,192,179,120,77,49,62,180,92,60,195,165,129,52,1]",6.06,0.51,1.05,2.53
"[0,2,14,25,15,16,188,194,196,197,3,5,6,7,8,9,10,11,12,18,19,32,4,22,24,26,27,13,17,40,20,23,30,34,21,28,29,31,33,35,36,187,130,142,101,80,90,82,162,60,150,58,53,148,154,167,174,149,73,96,151,138,172,87,110,105,88,75,57,50,158,121,65,170,135,195,155,68,74,165,180,145,115,144,182,120,61,117,72,139,166,102,157,114,79,63,171,86,169,147,98,99,129,54,118,192,113,41,46,43,51,97,185,126,141,173,78,66,183,132,134,84,91,176,92,89,48,193,175,64,62,164,125,108,44,103,184,189,181,140,131,71,177,109,76,83,69,163,42,119,160,95,190,49,77,85,112,94,124,156,52,104,161,56,45,179,136,143,123,127,128,116,168,153,67,159,152,191,81,59,146,186,70,55,93,111,178,107,133,106,122,137,47,100,39,37,38,1]",6.06,0.51,1.05,2.53
"[0,2,14,21,28,29,31,33,35,36,15,16,188,194,196,197,3,5,6,7,8,9,10,11,12,18,19,20,32,38,25,39,22,24,26,27,187,34,40,4,37,30,23,13,17,129,56,177,169,94,152,162,110,95,105,147,99,101,77,159,138,52,171,156,102,108,44,146,98,142,78,160,106,136,97,172,116,186,72,90,164,64,48,130,145,107,51,155,113,123,119,61,175,131,144,158,45,149,49,168,185,174,182,163,42,55,65,133,68,126,153,173,125,75,93,190,104,111,70,115,85,184,137,84,121,143,87,96,81,191,120,124,167,46,176,103,91,47,140,62,192,66,178,165,80,148,67,118,86,76,92,141,53,157,41,50,83,183,58,109,154,193,134,74,170,122,54,63,117,82,100,89,79,88,71,166,128,59,57,132,112,195,69,73,127,43,135,151,139,150,114,60,181,189,180,161,179,1]",6.06,0.51,1.05,2.53
"[0,2,14,15,16,188,194,196,197,3,5,6,7,8,9,10,11,12,18,19,23,22,24,26,27,13,17,4,37,34,40,32,38,20,39,30,25,21,28,29,31,33,35,36,187,138,110,96,176,80,151,78,54,178,112,81,140,156,184,129,89,172,148,71,192,143,103,185,107,131,68,139,145,127,169,162,46,124,122,109,90,82,195,191,159,183,166,117,181,113,165,186,160,189,152,119,146,99,116,64,63,114,137,83,84,177,158,51,125,72,167,57,134,136,55,153,86,93,123,133,65,70,163,48,98,85,49,111,175,69,50,180,132,52,94,147,43,95,53,42,74,126,157,171,115,106,101,164,102,135,79,154,179,120,155,77,193,73,142,92,58,182,105,67,118,88,75,190,130,97,161,45,66,149,108,76,61,59,173,170,62,100,141,174,41,104,121,91,56,44,47,168,128,144,60,87,150,1]",6.06,0.51,1.05,2.53
"[0,2,40,96,82,92,163,122,102,123,70,73,89,62,114,159,148,183,86,121,152,97,99,137,68,45,146,98,108,154,142,83,113,87,85,155,134,175,156,191,43,106,107,174,54,101,67,94,131,124,136,118,150,59,52,169,179,100,63,88,130,111,119,132,185,66,104,139,79,186,42,141,178,117,64,165,166,193,170,84,181,171,103,49,182,76,91,95,47,161,127,147,110,65,109,90,144,41,48,168,61,53,189,160,157,112,151,143,72,44,46,55,140,129,195,153,145,60,192,75,167,135,51,81,180,56,176,133,77,164,138,74,78,125,173,105,128,80,69,120,177,50,172,158,126,184,93,190,71,162,58,115,149,116,57,21,28,29,31,33,35,36,187,32,25,14,13,17,22,24,26,27,23,38,15,16,188,194,196,197,3,5,6,7,8,9,10,11,12,18,19,4,37,39,34,30,20,1]",6.06,0.51,1.05,2.53
"[0,2,40,34,39,20,38,30,14,37,25,32,22,24,26,27,187,23,4,99,101,151,79,185,75,181,122,171,189,149,61,174,178,43,192,179,120,166,148,87,131,96,193,160,129,136,86,164,90,186,137,50,88,105,143,126,183,157,62,94,69,110,80,125,76,128,66,70,63,53,81,145,83,161,118,44,92,124,55,182,159,45,91,102,195,54,85,180,134,97,98,68,112,130,133,64,170,57,59,117,46,106,95,67,162,115,147,107,60,152,154,155,172,163,114,84,132,158,89,71,190,165,144,184,48,65,191,100,41,119,167,139,142,140,56,146,58,74,138,150,51,156,77,141,108,153,49,168,135,113,127,103,93,175,104,78,176,121,111,116,109,73,47,72,52,169,42,82,173,177,123,13,17,15,16,188,194,196,197,3,5,6,7,8,9,10,11,12,18,19,21,28,29,31,33,35,36,1]",6.06,0.51,1.05,2.53
"[0,2,40,34,15,16,188,194,196,197,3,5,6,7,8,9,10,11,12,18,19,32,37,38,30,79,141,95,53,127,108,173,178,131,122,186,88,46,65,174,98,99,158,124,138,153,76,130,71,114,109,60,66,159,72,42,47,116,103,111,118,49,106,92,180,112,193,62,157,57,91,164,86,145,77,165,175,93,85,123,55,74,148,69,132,154,163,120,168,56,59,102,166,184,80,170,78,151,177,84,75,110,45,87,50,183,179,121,83,73,48,107,41,160,81,67,152,128,135,171,100,136,64,190,137,61,169,195,139,176,142,119,185,149,68,181,97,182,105,191,144,54,94,63,129,89,101,133,155,104,146,156,96,43,126,140,167,125,147,113,52,82,44,172,134,189,51,115,70,162,150,58,90,192,143,161,117,22,24,26,27,23,25,14,39,20,21,28,29,31,33,35,36,187,4,13,17,1]",6.06,0.51,1.05,2.53
"[0,2,40,32,25,38,37,34,4,14,21,28,29,31,33,35,36,187,13,17,39,22,24,26,27,77,85,184,75,179,55,168,138,172,93,171,110,66,122,79,102,87,113,42,135,92,166,62,149,82,154,125,140,50,43,84,68,174,112,118,96,145,128,164,95,71,73,72,63,78,151,111,48,99,146,98,178,156,131,159,169,58,46,44,45,182,53,162,119,49,144,189,67,101,81,150,143,47,109,147,114,115,52,117,192,120,139,141,64,70,132,56,106,76,129,152,83,163,104,105,175,127,89,142,108,59,61,136,176,185,51,148,183,107,60,126,170,191,153,41,103,91,133,88,177,94,86,160,190,158,121,57,90,123,161,155,157,195,130,173,181,80,65,54,74,193,186,165,69,116,100,134,180,124,97,167,137,15,16,188,194,196,197,3,5,6,7,8,9,10,11,12,18,19,30,20,23,1]",6.06,0.51,1.05,2.53
"[0,2,40,22,24,26,27,191,87,68,55,176,170,160,146,98,99,143,162,104,130,103,114,125,119,137,142,81,74,127,52,155,123,58,144,42,166,179,145,89,92,135,181,167,46,121,108,97,44,131,183,156,163,171,41,77,139,105,88,111,76,154,100,79,96,120,83,84,116,80,93,70,49,158,95,192,50,117,61,64,140,69,189,141,101,91,186,94,109,51,159,112,73,78,195,182,63,82,122,59,152,165,161,56,118,190,115,151,65,45,48,169,71,184,174,126,128,66,113,106,72,110,86,153,43,124,67,193,85,177,180,47,132,53,134,149,138,102,164,75,168,136,157,133,148,178,185,150,107,60,62,147,57,173,172,175,54,90,129,15,16,188,194,196,197,3,5,6,7,8,9,10,11,12,18,19,32,13,17,4,23,38,30,21,28,29,31,33,35,36,187,20,39,34,37,14,25,1]",6.06,0.51,1.05,2.53
"[0,2,40,20,32,15,16,188,194,196,197,3,5,6,7,8,9,10,11,12,18,19,39,22,24,26,27,37,38,23,4,13,17,30,14,34,21,28,29,31,33,35,36,187,158,189,153,163,128,154,43,109,41,120,75,151,148,56,124,179,162,164,135,96,192,159,67,138,94,83,123,90,183,84,52,160,85,69,139,48,99,185,144,166,119,58,100,134,66,62,46,78,63,156,88,73,127,121,112,129,170,131,107,126,130,167,55,79,93,115,143,81,110,86,171,141,45,195,105,122,149,72,111,178,108,174,152,47,54,89,140,184,173,71,114,97,98,70,68,49,77,113,146,190,103,118,116,176,147,186,133,161,182,82,61,104,57,50,64,142,42,101,157,76,92,117,87,60,172,80,168,91,193,169,51,59,137,132,181,180,102,191,136,150,177,74,65,165,155,106,53,95,44,145,125,175,25,1]",6.06,0.51,1.05,2.53
"[0,2,40,14,37,13,17,34,21,28,29,31,33,35,36,22,24,26,27,187,23,15,16,188,194,196,197,3,5,6,7,8,9,10,11,12,18,19,39,32,20,4,30,38,100,168,52,67,47,142,136,48,98,99,121,174,103,117,143,129,172,54,97,170,62,146,41,81,69,122,84,95,51,158,80,110,153,128,73,49,65,161,58,109,64,137,139,50,165,156,83,120,96,148,160,124,107,113,87,132,66,88,114,53,151,171,60,149,192,155,104,106,77,102,144,191,43,184,131,72,166,112,70,183,119,177,175,173,86,82,176,71,180,90,42,108,179,116,74,193,195,159,182,150,92,135,163,125,93,157,185,181,56,76,61,111,123,186,55,127,141,147,130,105,138,44,63,57,78,164,133,79,134,75,140,115,46,189,167,89,45,154,94,91,68,59,101,118,152,178,169,145,190,85,162,126,25,1]",6.06,0.51,1.05,2.53
"[0,2,40,13,17,32,22,24,26,27,187,30,38,23,15,16,188,194,196,197,3,5,6,7,8,9,10,11,12,18,19,25,21,28,29,31,33,35,36,34,37,39,55,126,54,67,154,64,112,48,98,99,81,62,161,100,116,125,82,183,89,68,87,49,165,114,122,134,166,177,151,75,60,118,63,50,189,57,163,129,83,167,111,130,106,148,175,80,74,103,170,105,85,117,113,158,128,79,180,153,191,102,171,115,172,44,73,46,185,127,51,41,192,143,168,123,186,182,149,144,66,155,65,190,91,77,173,52,69,96,152,101,140,193,174,59,160,84,119,181,164,104,150,138,195,121,47,157,136,124,56,72,108,86,42,184,146,178,58,92,132,76,169,142,70,78,159,97,88,71,162,95,90,61,139,53,93,94,133,141,109,176,45,156,110,120,131,135,43,147,179,107,145,137,4,14,20,1]",6.06,0.51,1.05,2.53
"[0,2,4,40,14,30,20,38,68,121,192,180,143,54,170,97,98,99,146,100,139,105,169,83,115,127,138,125,109,69,79,85,175,132,58,53,70,134,168,108,152,42,86,142,174,185,84,153,120,151,75,106,131,65,50,67,118,140,102,89,48,81,129,195,74,101,47,193,190,141,183,61,186,110,78,182,128,161,113,62,119,147,171,179,144,122,82,165,56,44,73,72,156,149,116,167,60,191,184,88,66,90,77,148,92,172,133,80,43,163,52,130,164,166,64,176,177,135,41,123,103,94,55,71,124,160,96,107,93,111,57,155,137,154,104,112,173,117,49,158,91,159,157,63,178,45,46,51,87,76,189,114,150,181,126,162,59,95,136,145,22,24,26,27,187,25,39,37,15,16,188,194,196,197,3,5,6,7,8,9,10,11,12,18,19,23,13,17,32,34,21,28,29,31,33,35,36,1]",6.06,0.51,1.05,2.53
"[0,2,4,39,22,24,26,27,34,14,32,38,79,166,168,164,101,128,77,150,56,154,103,182,151,139,118,177,174,108,131,52,47,96,157,88,176,179,127,134,92,44,119,141,152,104,89,178,123,105,48,99,132,136,95,58,78,74,107,121,124,184,185,138,102,111,189,155,147,98,43,160,42,153,60,159,63,45,82,170,87,81,171,53,161,59,46,125,190,149,76,122,120,158,41,62,114,94,167,162,140,180,97,148,163,75,169,85,91,195,84,72,144,71,100,135,116,142,110,69,106,146,65,130,129,70,156,57,51,93,133,109,90,143,191,181,50,67,68,113,183,137,80,117,193,175,66,83,73,192,61,126,112,173,165,54,186,86,115,49,64,145,55,172,13,17,21,28,29,31,33,35,36,187,20,40,25,15,16,188,194,196,197,3,5,6,7,8,9,10,11,12,18,19,23,37,30,1]",6.06,0.51,1.05,2.53
"[0,2,4,38,39,23,34,37,22,24,26,27,187,15,16,188,194,196,197,3,5,6,7,8,9,10,11,12,18,19,25,20,41,148,183,192,80,48,57,153,128,139,105,47,150,97,44,102,51,96,176,68,155,167,117,81,151,160,64,137,122,89,182,152,143,173,140,179,144,161,82,58,61,164,107,52,177,191,76,156,103,49,53,73,145,112,50,127,114,93,111,135,55,86,124,129,141,190,101,77,166,42,106,142,46,193,95,154,175,133,174,123,79,120,189,74,71,66,85,56,40,32,30,14,159,72,90,118,138,170,69,195,132,88,136,184,70,131,62,126,121,168,94,43,125,54,113,104,185,100,119,158,171,108,65,163,149,169,91,178,165,92,67,99,162,146,98,110,180,157,109,147,172,59,186,84,75,134,78,181,63,115,130,60,87,45,116,83,21,28,29,31,33,35,36,13,17,1]",6.06,0.51,1.05,2.53
"[0,2,4,38,22,24,26,27,39,37,25,34,15,16,188,194,196,197,3,5,6,7,8,9,10,11,12,18,19,40,23,14,20,133,97,98,99,85,95,54,105,73,91,124,53,132,178,59,77,169,60,57,114,61,143,174,68,117,163,140,138,146,70,152,181,81,183,145,83,112,41,166,74,43,94,52,195,71,150,88,141,115,158,167,191,127,48,58,104,44,171,109,149,170,46,121,42,65,182,108,102,45,173,128,157,160,50,92,126,139,87,80,129,168,47,107,172,72,110,125,151,66,93,119,155,118,113,111,67,136,84,103,153,147,134,82,186,130,106,122,86,64,63,176,75,78,101,165,148,90,89,120,131,76,177,184,154,49,79,51,180,142,164,193,137,175,144,116,192,179,62,135,100,161,96,156,162,123,55,69,189,159,56,190,185,32,21,28,29,31,33,35,36,187,30,13,17,1]",6.06,0.51,1.05,2.53
"[0,2,4,37,40,32,13,17,38,25,15,16,188,194,196,197,3,5,6,7,8,9,10,11,12,18,19,14,20,23,21,28,29,31,33,35,36,187,22,24,26,27,34,30,157,153,155,89,93,101,79,58,129,159,148,176,190,84,97,98,99,139,134,192,107,62,68,66,168,133,146,71,173,41,77,108,102,152,150,124,47,126,144,116,164,72,184,74,175,171,52,186,111,80,61,142,81,121,131,73,115,45,179,56,161,125,120,43,113,166,123,60,49,149,48,94,51,104,143,59,156,162,174,105,100,50,70,169,112,141,76,86,63,78,64,193,117,138,160,132,42,69,83,136,189,103,128,147,82,182,137,185,118,165,172,127,177,92,106,53,67,65,90,95,119,154,180,109,87,122,178,145,85,170,96,91,57,167,183,88,135,110,54,130,163,140,75,158,195,191,46,44,181,114,151,55,39,1]",6.06,0.51,1.05,2.53
"[0,2,4,37,23,39,34,25,20,112,86,45,146,98,99,192,114,123,156,184,67,191,103,65,63,166,76,175,122,55,177,158,170,162,138,129,97,105,147,132,134,195,96,118,68,54,152,111,58,43,69,140,153,73,163,180,64,44,51,136,95,142,185,171,101,151,173,128,125,62,145,133,139,117,66,182,90,81,77,141,107,176,137,75,179,89,169,94,181,47,119,165,144,46,155,159,102,79,154,120,126,87,108,80,115,143,106,53,59,167,42,168,183,130,110,78,157,100,178,92,164,189,131,52,72,49,61,116,104,74,57,85,84,150,71,161,124,70,83,172,148,50,48,113,91,88,82,127,174,193,135,186,56,190,109,121,60,149,41,160,93,21,28,29,31,33,35,36,30,38,40,15,16,188,194,196,197,3,5,6,7,8,9,10,11,12,18,19,14,32,13,17,22,24,26,27,187,1]",6.06,0.51,1.05,2.53
"[0,2,4,34,25,37,23,15,16,188,194,196,197,3,5,6,7,8,9,10,11,12,18,19,40,39,14,13,17,38,20,21,28,29,31,33,35,36,32,30,22,24,26,27,187,95,165,52,65,148,63,57,90,122,73,44,150,171,124,176,195,125,81,49,98,99,132,66,61,157,189,74,67,88,193,114,130,96,146,178,41,134,118,138,161,141,45,117,78,46,54,101,155,51,120,62,143,156,123,77,53,43,174,175,70,75,181,42,48,167,121,50,69,109,154,151,55,94,144,163,128,68,71,184,135,153,127,58,86,103,64,119,172,116,76,183,180,105,102,91,182,93,145,168,160,108,100,79,164,97,126,152,190,110,162,159,136,106,179,83,147,185,137,59,107,133,104,166,89,131,129,149,112,84,140,191,92,111,186,87,169,158,139,85,72,82,173,60,113,170,80,142,47,177,115,192,56,1]",6.06,0.51,1.05,2.53
"[0,2,4,30,38,15,16,188,194,196,197,3,5,6,7,8,9,10,11,12,18,19,14,32,21,28,29,31,33,35,36,187,34,22,24,26,27,23,40,20,37,13,17,39,25,80,193,72,159,81,43,78,141,122,97,98,99,123,108,73,190,182,160,42,86,133,179,62,142,138,103,45,68,63,157,149,47,148,189,57,126,177,84,137,153,130,51,144,104,125,106,173,172,185,174,158,140,134,180,154,66,49,53,69,95,67,48,119,92,60,143,56,135,170,192,75,175,161,115,124,61,113,131,152,83,163,167,101,166,96,85,79,164,178,184,176,52,147,70,165,82,107,105,162,136,151,54,59,91,145,46,128,87,90,127,77,118,132,117,64,44,120,183,156,41,94,169,100,74,110,88,155,139,58,168,65,171,50,186,111,146,89,129,114,121,76,181,150,93,55,191,109,195,71,102,112,116,1]",6.06,0.51,1.05,2.53
"[0,2,4,30,21,28,29,31,33,35,36,187,23,14,22,24,26,27,15,16,188,194,196,197,3,5,6,7,8,9,10,11,12,18,19,38,25,32,13,17,34,39,37,20,40,49,98,99,44,77,183,164,136,144,84,114,167,145,58,128,107,46,155,143,162,56,177,127,78,170,175,112,178,62,54,193,154,41,123,89,191,75,132,159,82,147,169,95,139,181,124,72,94,140,180,83,50,115,195,130,160,126,90,96,103,70,131,100,134,141,110,71,157,156,86,74,64,168,55,106,68,66,105,117,57,176,118,93,129,69,119,185,149,135,146,81,161,45,171,190,59,172,138,60,174,186,67,133,108,153,116,166,179,53,151,163,61,111,76,52,102,104,165,125,109,120,101,48,65,73,63,189,182,158,113,92,152,173,42,51,148,121,47,85,137,184,192,150,79,97,43,142,91,122,87,88,80,1]",6.06,0.51,1.05,2.53
"[0,2,4,25,13,17,30,38,15,16,188,194,196,197,3,5,6,7,8,9,10,11,12,18,19,21,28,29,31,33,35,36,187,14,37,20,23,39,22,24,26,27,32,34,40,143,169,146,98,99,147,182,124,66,137,102,141,116,184,122,68,140,148,89,87,193,94,189,186,195,150,65,75,111,132,95,82,118,86,49,55,183,81,74,64,72,115,131,71,158,70,127,96,52,120,108,62,174,172,83,48,165,171,162,145,46,126,128,109,139,125,85,179,191,50,119,133,44,100,42,59,190,177,41,180,79,56,185,77,58,167,166,78,57,136,121,73,93,161,91,181,142,130,97,129,63,69,43,105,155,175,88,54,104,149,60,61,152,156,45,176,151,51,160,192,113,117,123,76,135,107,144,92,53,90,47,112,84,134,164,106,163,168,138,153,80,173,101,114,103,157,170,67,110,178,159,154,1]",6.06,0.51,1.05,2.53
"[0,2,4,23,57,145,118,193,133,157,175,80,15,16,188,194,196,197,3,5,6,7,8,9,10,11,12,18,19,22,24,26,27,187,30,96,128,59,83,42,65,76,104,82,84,58,87,46,143,147,98,99,109,177,100,153,102,111,138,49,116,95,90,178,52,173,86,121,135,64,158,43,73,136,107,70,114,81,51,192,122,174,150,50,78,97,166,71,167,156,170,125,162,181,68,112,124,88,144,66,117,165,151,91,62,164,69,123,183,190,152,63,113,137,93,103,127,182,101,195,159,180,79,61,56,77,54,115,171,129,92,41,176,155,75,148,168,53,134,131,47,179,184,141,189,45,108,55,186,142,140,163,160,119,169,44,110,172,85,146,48,149,60,139,105,161,106,126,130,94,72,74,89,67,185,132,120,191,154,25,40,13,17,14,39,20,21,28,29,31,33,35,36,38,34,37,32,1]",6.06,0.51,1.05,2.53
"[0,2,4,22,24,26,27,187,191,88,150,105,82,146,98,99,46,175,141,166,71,42,69,131,52,64,57,172,45,81,163,160,95,122,120,92,155,121,74,72,112,170,136,134,130,100,162,93,127,106,132,149,185,97,78,109,55,152,135,73,70,147,65,60,54,138,85,67,169,193,144,103,79,87,143,86,63,59,159,190,83,111,182,75,123,183,181,177,176,173,101,178,137,128,164,113,125,94,48,47,156,68,119,115,192,133,110,179,180,84,43,51,76,157,129,116,53,151,174,171,184,165,108,167,148,41,89,114,124,56,44,77,102,49,117,186,96,126,154,104,145,140,118,50,139,66,61,142,90,158,62,107,153,161,58,195,80,168,189,91,39,20,15,16,188,194,196,197,3,5,6,7,8,9,10,11,12,18,19,13,17,21,28,29,31,33,35,36,23,34,37,38,40,14,32,25,30,1]",6.06,0.51,1.05,2.53
"[0,2,4,21,28,29,31,33,35,36,187,13,17,22,24,26,27,39,15,16,188,194,196,197,3,5,6,7,8,9,10,11,12,18,19,23,37,32,20,30,34,14,38,40,181,50,78,55,165,161,42,68,154,80,58,178,158,63,163,166,172,100,128,101,170,186,135,43,73,167,168,45,185,149,89,142,115,72,151,90,41,144,75,157,97,98,99,51,153,70,94,150,125,123,87,114,64,104,164,95,109,96,121,184,171,118,129,180,91,152,110,66,61,182,132,155,193,106,190,62,159,192,56,69,127,160,146,147,93,169,108,81,122,65,137,183,113,86,107,67,44,46,53,82,105,189,116,92,48,138,57,103,179,54,71,52,102,174,112,117,134,79,140,119,88,83,49,124,120,126,131,77,130,162,47,156,76,74,85,191,177,145,173,141,143,136,59,111,176,133,60,175,148,195,84,139,25,1]",6.06,0.51,1.05,2.53
"[0,2,4,20,38,30,22,24,26,27,14,34,21,28,29,31,33,35,36,187,37,39,15,16,188,194,196,197,3,5,6,7,8,9,10,11,12,18,19,23,40,25,78,66,133,105,179,168,79,131,104,109,186,178,163,43,169,67,150,148,95,184,56,50,103,102,51,65,111,118,41,172,153,190,160,171,85,115,91,175,182,87,124,164,63,152,68,71,155,140,106,170,52,88,135,191,162,139,132,76,73,61,143,100,72,92,59,42,183,173,75,81,126,107,154,141,192,193,74,149,180,119,129,142,130,122,110,45,145,60,159,136,77,156,86,146,98,99,90,158,44,49,89,53,58,93,151,157,101,84,48,166,112,161,181,69,94,96,64,123,82,57,108,114,176,189,147,97,116,62,125,46,83,137,185,165,174,177,195,80,55,128,117,127,167,47,121,54,134,138,144,120,113,70,32,13,17,1]",6.06,0.51,1.05,2.53
"[0,2,4,149,100,174,82,102,52,193,92,55,166,142,126,130,67,75,157,120,164,160,111,122,44,90,180,53,150,68,173,49,99,91,48,98,84,186,87,131,42,182,148,127,144,66,151,159,89,108,189,80,162,118,78,116,106,94,190,195,13,17,25,32,14,37,123,69,135,184,133,113,63,146,158,176,54,117,64,88,181,83,137,112,177,129,45,145,147,59,41,192,183,65,43,161,169,70,104,95,57,152,105,73,115,72,185,107,156,47,138,143,114,74,167,140,128,132,93,154,165,191,85,175,60,172,153,103,136,50,58,86,101,124,168,96,51,171,178,76,46,125,179,155,119,139,71,79,121,62,61,81,109,163,110,141,134,170,97,56,77,39,21,28,29,31,33,35,36,15,16,188,194,196,197,3,5,6,7,8,9,10,11,12,18,19,30,22,24,26,27,187,34,23,38,40,20,1]",6.06,0.51,1.05,2.53
"[0,2,4,14,38,39,21,28,29,31,33,35,36,20,81,78,48,99,126,83,85,130,79,138,72,47,165,136,71,185,191,161,44,109,93,45,103,125,140,189,74,181,43,122,76,167,141,68,172,89,80,192,128,100,63,66,175,69,50,116,193,51,164,139,154,60,62,120,186,156,94,56,108,98,86,170,114,179,59,142,124,54,112,147,102,90,162,117,133,88,96,58,92,87,163,160,77,106,178,135,184,145,119,110,134,152,121,95,190,113,183,182,171,49,168,174,155,104,166,91,176,64,111,41,151,67,129,57,149,97,61,82,101,144,84,107,180,173,46,123,42,153,195,65,75,52,105,127,132,143,169,159,177,118,146,157,148,131,53,70,73,158,137,150,55,115,30,15,16,188,194,196,197,3,5,6,7,8,9,10,11,12,18,19,40,37,13,17,22,24,26,27,187,32,23,34,25,1]",6.06,0.51,1.05,2.53
"[0,2,4,14,34,23,22,24,26,27,21,28,29,31,33,35,36,187,32,40,20,30,175,78,156,42,130,60,114,147,99,85,103,172,87,134,56,64,151,164,113,191,110,144,153,159,45,88,120,96,133,136,192,69,93,143,160,84,182,97,98,124,184,119,142,50,55,158,92,157,94,43,41,165,195,67,46,80,183,125,138,132,128,122,166,63,163,115,100,168,75,179,106,180,61,145,95,140,178,176,48,118,181,83,91,72,58,139,154,107,109,127,169,171,123,79,66,62,116,53,74,174,189,57,111,186,86,126,89,76,155,59,141,68,129,135,137,82,177,101,193,73,51,70,104,162,44,190,173,105,167,117,77,131,81,161,150,170,65,47,185,52,146,112,71,90,148,108,121,102,149,152,54,49,15,16,188,194,196,197,3,5,6,7,8,9,10,11,12,18,19,38,37,39,13,17,25,1]",6.06,0.51,1.05,2.53
"[0,2,4,13,17,34,105,71,77,123,148,43,53,159,165,50,112,75,54,143,60,147,99,82,189,173,106,116,131,70,132,134,44,186,158,52,115,150,41,111,166,154,170,146,110,176,102,63,156,104,73,193,96,164,87,95,195,66,192,185,107,135,108,182,72,121,57,124,45,79,174,69,103,68,130,167,59,94,117,56,181,65,141,168,180,64,151,171,161,129,58,119,175,163,162,183,160,172,184,142,177,97,83,62,51,89,93,127,100,120,85,140,74,190,67,152,178,125,126,84,113,153,46,76,101,169,42,48,149,155,128,179,90,118,30,39,23,38,37,25,40,21,28,29,31,33,35,36,187,22,24,26,27,14,20,32,157,114,139,91,88,191,61,144,47,109,86,55,122,138,145,137,80,133,78,49,98,92,81,136,15,16,188,194,196,197,3,5,6,7,8,9,10,11,12,18,19,1]",6.06,0.51,1.05,2.53
"[0,2,4,121,128,164,144,186,110,183,95,57,87,163,116,99,53,51,114,77,148,125,154,182,86,109,60,172,97,98,115,184,185,160,61,174,72,89,56,146,47,94,140,129,135,65,175,63,52,91,181,58,119,134,113,76,177,80,155,83,132,141,179,167,103,143,90,138,84,85,96,158,170,46,157,79,171,78,169,100,156,45,81,112,190,108,136,192,75,62,191,73,147,118,111,162,189,130,161,59,82,120,165,93,173,195,107,142,68,126,71,150,88,41,151,176,69,127,133,70,131,145,55,124,64,117,66,180,153,102,43,168,152,122,193,44,178,49,101,50,104,159,166,139,54,149,74,105,123,67,106,137,42,48,92,15,16,188,194,196,197,3,5,6,7,8,9,10,11,12,18,19,14,32,25,21,28,29,31,33,35,36,187,22,24,26,27,20,23,30,13,17,38,40,34,37,39,1]",6.06,0.51,1.05,2.53
"[0,2,39,4,23,15,16,188,194,196,197,3,5,6,7,8,9,10,11,12,18,19,13,17,21,28,29,31,33,35,36,187,32,38,34,37,40,22,24,26,27,85,91,161,153,96,126,167,129,55,56,193,140,60,111,103,112,41,69,172,122,90,155,116,108,75,186,148,80,191,113,120,150,136,62,74,139,94,176,154,97,99,78,168,156,149,115,61,182,128,184,49,98,79,84,107,125,127,164,183,65,64,123,50,190,101,179,160,81,58,68,177,195,51,185,70,86,151,83,104,152,157,93,42,146,145,144,121,63,175,46,117,142,135,132,92,72,76,131,73,110,89,52,45,174,159,87,47,192,54,44,109,43,57,158,143,166,106,59,114,169,95,162,181,171,189,105,170,165,53,102,100,133,130,163,66,138,82,119,141,137,88,147,124,178,67,71,118,77,134,48,180,173,25,14,20,30,1]",6.06,0.51,1.05,2.53
"[0,2,39,34,13,17,37,23,20,38,25,15,16,188,194,196,197,3,5,6,7,8,9,10,11,12,18,19,14,4,21,28,29,31,33,35,36,187,22,24,26,27,32,40,30,146,98,99,90,74,48,101,192,53,135,119,112,170,178,177,181,171,179,190,157,51,89,116,164,117,155,75,50,152,133,120,61,159,113,78,47,60,72,106,42,57,94,110,186,180,82,107,160,43,149,151,144,161,138,81,45,85,77,175,123,195,54,65,66,87,141,63,83,184,111,76,165,142,131,189,153,68,109,126,88,125,124,132,115,70,64,172,58,134,93,169,118,193,140,176,139,46,55,145,67,84,183,137,41,130,71,121,59,69,100,95,156,91,168,114,104,191,147,166,143,163,80,73,86,162,185,96,44,62,79,97,173,128,103,150,108,52,174,182,167,154,56,136,122,102,129,127,92,158,148,49,105,1]",6.06,0.51,1.05,2.53
"[0,2,39,30,23,38,21,28,29,31,33,35,36,37,20,25,40,4,13,17,89,124,132,184,151,168,193,67,162,100,159,85,102,111,55,131,169,93,81,155,73,75,166,170,142,134,82,161,120,195,139,176,57,104,60,121,137,59,90,87,77,42,122,44,125,182,112,116,123,46,152,56,63,53,50,156,178,113,171,154,74,84,130,126,61,146,98,99,117,114,143,118,133,110,179,47,88,91,127,106,129,147,158,92,183,165,140,66,157,191,136,76,189,43,173,97,172,145,141,109,192,144,71,78,175,68,95,160,164,190,101,70,48,49,177,51,107,138,65,80,86,153,119,108,174,96,62,79,167,163,83,115,135,148,128,181,94,64,52,34,14,150,58,103,149,105,72,54,22,24,26,27,187,32,41,69,45,185,180,186,15,16,188,194,196,197,3,5,6,7,8,9,10,11,12,18,19,1]",6.06,0.51,1.05,2.53
"[0,2,38,4,40,15,16,188,194,196,197,3,5,6,7,8,9,10,11,12,18,19,23,34,14,20,13,17,21,28,29,31,33,35,36,187,83,84,173,89,96,56,163,113,191,182,195,149,91,111,57,134,102,133,72,94,106,87,147,98,99,45,66,136,90,86,174,176,59,95,74,165,179,168,150,122,144,54,160,108,51,103,104,77,145,185,119,181,184,82,75,143,193,92,166,67,69,93,73,97,146,50,148,114,169,101,80,129,130,153,189,81,47,132,139,140,117,64,46,125,186,135,85,120,137,76,107,118,115,49,52,154,142,100,60,55,109,128,180,152,141,70,131,78,43,158,178,167,58,138,175,48,151,124,177,171,190,126,42,63,192,127,105,162,61,68,112,164,183,159,170,156,155,62,172,161,88,65,121,157,123,53,110,41,71,44,116,79,32,22,24,26,27,37,39,25,30,1]",6.06,0.51,1.05,2.53
"[0,2,38,32,14,20,4,40,39,34,49,98,99,102,100,76,97,172,159,93,144,63,147,74,137,64,181,48,43,92,149,52,167,119,103,54,127,65,67,130,94,123,85,146,171,113,105,96,78,58,152,86,154,125,46,156,169,73,70,190,148,166,131,88,165,115,55,42,158,53,77,89,111,109,117,51,160,189,145,90,69,84,143,107,174,50,173,80,139,83,142,170,45,191,132,193,195,126,155,110,163,185,176,175,104,41,118,60,87,91,81,75,150,133,151,183,140,56,157,180,179,57,121,44,136,177,164,68,182,101,61,47,153,72,192,122,108,66,95,128,82,135,162,124,120,178,112,141,62,59,138,184,168,129,71,116,106,186,161,114,134,79,37,15,16,188,194,196,197,3,5,6,7,8,9,10,11,12,18,19,30,21,28,29,31,33,35,36,23,25,13,17,22,24,26,27,187,1]",6.06,0.51,1.05,2.53
"[0,2,38,22,24,26,27,21,28,29,31,33,35,36,187,30,34,20,39,23,40,37,4,32,14,134,99,102,72,100,48,98,75,186,101,159,61,146,140,172,189,123,136,164,116,43,62,180,185,179,112,50,175,177,143,157,169,64,45,127,81,51,63,44,46,91,154,131,59,158,86,96,95,42,126,68,190,178,130,160,142,83,73,163,87,193,93,168,174,152,165,90,121,120,125,79,76,92,57,105,65,54,52,82,94,89,41,171,106,85,66,71,129,119,74,149,15,16,188,194,196,197,3,5,6,7,8,9,10,11,12,18,19,25,153,176,133,181,58,192,167,139,151,88,115,110,56,47,182,150,60,144,137,147,108,128,53,97,141,135,173,161,191,67,195,107,156,138,55,122,155,69,132,49,78,117,145,166,109,184,148,124,114,170,162,111,103,113,80,183,84,118,104,70,77,13,17,1]",6.06,0.51,1.05,2.53
"[0,2,37,30,15,16,188,194,196,197,3,5,6,7,8,9,10,11,12,18,19,20,32,22,24,26,27,23,21,28,29,31,33,35,36,187,13,17,25,34,4,38,143,95,66,120,171,124,146,99,111,68,71,150,144,164,48,98,160,173,183,69,73,131,49,182,78,151,74,134,58,101,106,46,90,56,127,121,51,109,128,137,42,65,108,186,75,114,84,129,191,104,47,85,70,76,126,79,154,155,92,86,178,163,162,180,122,157,172,97,83,174,185,138,133,59,195,100,192,169,166,147,89,41,159,153,72,67,165,55,193,94,167,43,117,112,170,119,93,110,52,149,87,115,123,107,81,102,91,53,140,141,64,125,105,130,118,142,82,45,168,179,175,62,96,181,190,132,61,116,161,139,184,57,44,60,145,158,77,135,136,103,177,80,54,176,63,88,156,50,148,152,189,113,14,39,40,1]",6.06,0.51,1.05,2.53
"[0,2,37,23,30,38,34,13,17,20,22,24,26,27,187,40,4,39,168,170,76,45,137,138,144,54,98,99,193,127,183,145,123,165,143,52,97,94,101,69,70,169,146,191,74,111,150,79,108,115,167,154,182,172,118,175,174,140,164,84,82,62,122,178,129,53,152,120,87,71,186,116,103,51,160,153,163,131,159,151,56,106,63,132,157,66,135,162,57,190,121,49,126,130,68,89,107,46,55,61,171,147,124,78,155,176,102,60,189,50,43,110,64,86,133,141,81,72,181,161,173,92,114,105,100,112,142,47,67,148,139,109,166,58,91,96,44,83,184,180,42,95,192,48,117,195,125,128,156,90,185,88,77,80,119,59,179,158,85,41,73,104,113,75,65,149,134,93,136,177,14,21,28,29,31,33,35,36,25,15,16,188,194,196,197,3,5,6,7,8,9,10,11,12,18,19,32,1]",6.06,0.51,1.05,2.53
"[0,2,34,21,28,29,31,33,35,36,187,37,20,40,23,22,24,26,27,4,14,46,67,182,193,189,176,80,85,131,145,113,63,147,99,52,167,154,95,75,174,49,98,177,123,149,96,126,130,152,151,77,185,74,166,159,53,69,135,84,89,109,172,165,54,133,114,108,56,83,180,68,41,144,111,92,127,116,173,105,140,103,150,106,120,76,156,71,66,64,81,91,178,164,121,87,155,44,112,124,162,48,88,101,104,58,169,160,47,107,129,139,70,142,170,119,94,60,186,72,184,73,192,146,51,78,97,55,132,153,143,43,137,93,128,57,190,102,163,191,138,158,171,50,157,65,195,175,79,134,141,86,118,90,122,59,117,181,100,42,62,61,179,161,168,183,45,82,148,136,115,125,110,32,38,39,15,16,188,194,196,197,3,5,6,7,8,9,10,11,12,18,19,30,25,13,17,1]",6.06,0.51,1.05,2.53
"[0,2,32,4,38,14,91,169,110,45,177,159,120,133,95,85,156,173,107,140,50,193,53,63,90,58,160,49,98,101,43,191,78,163,186,183,96,170,172,121,80,60,56,59,155,129,139,137,131,143,87,179,94,88,136,66,64,103,190,189,152,74,41,171,149,175,84,108,154,168,82,147,109,166,125,184,93,61,55,73,195,127,146,105,100,128,116,65,72,62,114,106,54,113,126,92,83,70,117,42,119,79,151,132,76,75,148,174,158,180,150,130,165,81,122,112,123,51,44,141,77,68,57,138,157,115,89,164,134,135,181,69,97,176,46,47,102,86,52,67,185,161,111,153,145,104,182,142,192,71,178,118,167,144,124,162,48,99,34,20,23,39,40,21,28,29,31,33,35,36,187,37,25,13,17,30,22,24,26,27,15,16,188,194,196,197,3,5,6,7,8,9,10,11,12,18,19,1]",6.06,0.51,1.05,2.53
"[0,2,32,39,25,20,40,22,24,26,27,187,4,21,28,29,31,33,35,36,147,98,99,105,170,118,60,141,115,104,142,184,42,106,88,159,113,171,150,45,49,169,102,67,143,122,85,153,83,65,166,64,129,50,66,61,80,123,51,41,43,160,52,125,163,124,137,183,185,91,165,81,55,157,158,195,101,93,84,181,148,79,149,90,114,156,71,145,132,172,68,116,189,103,75,110,47,135,120,127,175,173,48,136,134,44,146,54,76,70,46,92,167,109,53,164,119,56,117,62,174,78,191,130,133,69,95,121,138,111,128,94,186,77,155,96,161,97,86,73,107,82,140,108,162,131,178,59,63,182,154,58,74,57,177,72,139,89,168,192,151,179,87,190,176,152,112,100,180,126,193,144,23,13,17,37,38,34,30,14,15,16,188,194,196,197,3,5,6,7,8,9,10,11,12,18,19,1]",6.06,0.51,1.05,2.53
"[0,2,32,176,195,84,183,103,118,95,165,146,98,99,93,48,172,63,125,91,79,141,112,140,59,41,57,110,117,192,58,159,87,49,113,166,77,45,65,106,122,44,89,114,182,167,127,177,156,108,61,154,163,157,178,81,139,76,164,51,111,147,55,185,105,67,128,186,64,47,131,174,85,148,92,191,86,138,80,134,190,46,132,181,142,121,160,153,150,144,149,169,168,50,60,123,116,137,56,158,119,101,129,42,72,88,155,71,193,100,82,161,43,184,180,126,96,54,136,130,143,171,120,83,97,162,66,104,135,94,62,52,170,53,133,70,173,102,90,109,179,115,78,145,107,189,152,73,151,124,175,74,69,75,68,14,15,16,188,194,196,197,3,5,6,7,8,9,10,11,12,18,19,20,37,39,34,13,17,30,4,22,24,26,27,187,21,28,29,31,33,35,36,40,25,23,38,1]",6.06,0.51,1.05,2.53
"[0,2,30,4,22,24,26,27,25,21,28,29,31,33,35,36,187,37,20,34,32,13,17,14,77,80,61,95,153,177,44,83,108,88,68,85,63,45,172,82,179,171,119,162,96,107,165,174,180,104,154,102,117,115,160,176,126,86,70,76,57,65,130,142,140,139,54,103,42,138,110,79,64,89,81,71,59,94,124,48,99,84,145,159,146,98,87,133,75,163,47,90,173,156,181,175,157,67,150,49,141,105,166,66,135,41,147,121,167,136,195,190,169,185,122,51,183,62,91,189,116,118,73,134,191,186,143,164,111,106,168,182,97,55,148,72,144,50,155,137,158,123,78,127,43,100,113,46,128,184,125,92,114,52,132,120,53,60,152,192,151,170,193,93,109,149,161,129,56,101,131,58,69,178,74,112,40,15,16,188,194,196,197,3,5,6,7,8,9,10,11,12,18,19,23,39,38,1]",6.06,0.51,1.05,2.53
"[0,2,30,22,24,26,27,187,13,17,37,32,4,21,28,29,31,33,35,36,38,15,16,188,194,196,197,3,5,6,7,8,9,10,11,12,18,19,40,14,39,20,25,34,120,82,164,104,133,46,130,138,124,60,195,23,72,93,156,65,180,121,184,140,139,55,44,174,173,127,141,128,125,179,41,98,99,49,114,119,144,107,113,115,59,67,189,147,160,151,77,192,86,75,170,47,132,143,105,154,88,185,87,81,54,94,102,168,165,97,90,183,71,172,63,79,167,74,83,51,169,43,70,157,48,135,159,50,80,131,64,89,58,178,175,103,62,148,145,181,150,137,101,96,100,111,149,158,182,126,122,61,155,92,162,191,85,146,106,166,56,163,112,68,95,136,117,42,109,123,69,190,193,171,57,76,52,73,177,176,110,129,91,152,161,84,66,186,53,153,78,108,45,142,118,134,116,1]",6.06,0.51,1.05,2.53
"[0,2,13,17,40,131,158,95,68,148,110,69,153,190,50,175,160,141,140,76,42,146,98,99,89,182,93,54,57,105,137,139,78,79,191,134,144,102,114,113,154,135,41,87,179,123,59,97,118,48,61,143,66,133,60,75,151,119,173,145,86,174,150,122,192,157,172,184,155,121,111,51,128,181,159,64,104,183,81,85,52,94,156,82,71,80,67,142,53,186,96,189,168,55,77,88,149,162,117,63,101,103,62,47,100,106,58,132,107,65,170,91,115,112,116,136,193,152,43,169,127,147,120,165,72,130,176,163,161,126,167,129,49,108,46,180,124,73,195,56,74,138,45,92,84,83,166,109,185,177,164,178,125,44,90,171,70,25,32,15,16,188,194,196,197,3,5,6,7,8,9,10,11,12,18,19,4,34,38,37,14,21,28,29,31,33,35,36,187,23,20,39,30,22,24,26,27,1]",6.06,1.01,1.04,2.53
"[0,2,13,17,38,20,34,23,15,16,188,194,196,197,3,5,6,7,8,9,10,11,12,18,19,39,30,37,25,22,24,26,27,187,4,14,21,28,29,31,33,35,36,32,40,108,47,178,153,68,173,150,189,113,128,122,110,174,195,192,86,179,67,159,163,107,51,146,98,99,56,183,103,62,144,135,59,57,95,43,160,119,180,131,96,190,80,42,92,97,123,89,115,125,166,65,53,58,48,54,167,152,64,78,94,138,165,85,140,157,52,112,186,121,71,60,151,41,162,44,74,111,139,72,141,169,182,185,79,84,168,91,132,46,114,136,55,77,87,61,82,143,149,130,88,116,126,90,83,76,171,177,50,134,70,124,117,105,193,75,129,109,172,127,101,158,155,176,73,137,81,175,133,181,102,120,184,69,66,45,161,164,145,191,63,156,104,49,118,147,154,106,93,170,142,148,100,1]",6.06,1.01,1.04,2.53
"[0,2,13,17,37,14,15,16,188,194,196,197,3,5,6,7,8,9,10,11,12,18,19,20,22,24,26,27,187,39,21,28,29,31,33,35,36,30,34,46,158,93,97,98,99,156,66,168,106,164,143,61,193,41,162,43,94,75,120,172,178,44,190,53,117,163,47,63,151,54,157,177,153,65,145,183,129,95,115,45,116,135,195,57,52,59,150,105,58,184,169,64,113,110,126,179,176,83,71,107,87,101,136,76,192,161,149,79,85,154,166,90,170,81,165,124,140,159,139,48,125,89,112,167,138,88,134,62,104,49,189,68,60,102,142,72,109,80,51,128,55,42,185,127,137,182,181,108,141,146,174,69,191,144,73,147,70,118,148,96,56,86,121,103,122,130,160,155,132,131,50,77,84,123,152,92,114,180,133,78,173,111,171,100,119,91,82,74,186,175,67,32,4,38,40,25,23,1]",6.06,1.01,1.04,2.53
"[0,2,13,17,25,34,21,28,29,31,33,35,36,187,4,37,40,38,20,14,15,16,188,194,196,197,3,5,6,7,8,9,10,11,12,18,19,23,22,24,26,27,30,32,39,84,161,93,90,74,178,76,81,100,46,49,98,99,166,86,142,153,152,104,105,56,45,115,132,101,157,68,54,143,133,85,116,163,189,173,121,162,176,41,171,61,177,181,50,126,82,150,174,103,83,108,44,77,193,160,43,184,89,129,88,155,102,169,55,125,182,111,75,195,138,78,130,183,97,140,141,72,156,148,147,164,137,106,127,95,136,80,63,118,47,117,58,60,119,107,145,154,180,94,42,186,112,170,91,151,122,149,51,52,124,185,113,57,64,73,110,192,66,87,79,109,120,139,114,131,69,62,70,65,165,175,167,128,159,168,123,191,67,172,134,96,144,158,71,59,146,135,179,92,48,53,190,1]",6.06,1.01,1.04,2.53
"[0,2,13,17,25,15,16,188,194,196,197,3,5,6,7,8,9,10,11,12,18,19,37,30,21,28,29,31,33,35,36,187,34,40,22,24,26,27,39,71,96,182,53,54,103,142,154,121,49,98,99,147,163,149,64,78,137,160,116,93,47,129,151,97,62,52,91,126,150,79,72,105,167,107,135,45,157,145,132,169,120,168,115,46,48,51,170,61,90,139,159,140,60,162,69,95,127,81,70,119,58,136,101,186,67,82,117,195,192,84,83,178,185,89,173,131,141,87,124,66,114,113,110,156,175,161,130,68,102,180,44,100,146,155,106,123,174,183,109,86,184,55,57,165,164,176,148,108,193,88,166,172,63,152,59,144,138,56,42,112,179,125,65,189,190,133,177,153,143,158,50,77,94,41,85,92,128,104,76,111,74,75,191,43,80,118,134,122,171,181,73,38,23,32,14,4,20,1]",6.06,1.01,1.04,2.53
"[0,2,13,17,22,24,26,27,187,4,30,15,16,188,194,196,197,3,5,6,7,8,9,10,11,12,18,19,20,23,14,21,28,29,31,33,35,36,39,37,38,32,40,25,34,121,50,63,75,72,41,94,169,80,78,47,44,116,192,117,60,134,83,168,159,64,172,150,127,115,135,161,180,57,79,140,155,160,181,100,145,90,162,73,193,71,51,106,92,184,59,43,99,91,55,186,103,61,87,122,89,82,137,149,139,143,176,154,174,182,88,111,76,177,68,112,66,165,98,195,105,170,107,179,126,147,97,191,74,54,144,166,175,185,131,152,173,141,48,142,151,85,113,146,125,110,52,129,138,163,70,45,86,104,108,123,189,136,148,84,67,69,65,119,132,58,130,95,183,46,42,53,81,124,118,164,49,167,114,77,156,102,157,56,128,171,133,190,93,109,62,96,120,158,178,153,101,1]",6.06,1.01,1.04,2.53
"[0,2,13,17,21,28,29,31,33,35,36,37,23,25,39,30,14,20,32,40,38,15,16,188,194,196,197,3,5,6,7,8,9,10,11,12,18,19,22,24,26,27,187,4,34,134,79,107,160,87,195,156,92,162,173,68,152,144,43,131,174,126,70,129,112,180,139,191,46,122,148,171,132,184,165,142,45,80,59,105,111,85,73,94,181,170,48,98,99,61,41,100,157,158,90,119,166,84,159,67,177,97,164,110,117,118,72,172,47,149,101,186,49,141,185,182,136,189,175,52,91,89,74,178,138,151,133,147,169,77,140,95,71,78,146,93,153,102,192,163,130,150,82,56,64,109,81,57,75,88,76,60,190,124,135,125,104,42,167,106,114,58,51,44,179,128,66,83,116,123,176,161,50,154,113,145,65,120,143,121,155,55,168,54,103,53,193,137,62,96,183,127,115,108,63,86,69,1]",6.06,1.01,1.04,2.53
"[0,2,13,17,21,28,29,31,33,35,36,25,20,38,40,32,23,15,16,188,194,196,197,3,5,6,7,8,9,10,11,12,18,19,37,14,4,34,22,24,26,27,187,30,39,71,103,125,156,96,107,87,165,163,68,63,60,110,102,153,148,170,143,73,161,89,101,136,114,192,56,88,162,164,158,190,91,132,85,195,105,118,129,175,115,181,84,123,159,100,104,141,83,62,157,133,137,152,155,57,178,90,50,121,74,70,97,99,120,58,82,142,109,48,98,113,191,168,134,144,122,176,135,94,47,124,43,116,67,177,127,64,126,80,117,69,45,111,145,51,166,108,72,81,160,140,173,76,180,53,130,55,112,59,65,86,167,151,66,174,169,52,131,189,171,49,172,128,119,184,41,93,79,179,44,46,193,77,138,186,183,149,185,42,92,95,139,61,78,150,146,154,106,147,182,54,75,1]",6.06,1.01,1.04,2.53
"[0,2,13,17,15,16,188,194,196,197,3,5,6,7,8,9,10,11,12,18,19,39,25,14,40,23,32,37,30,20,22,24,26,27,38,4,34,21,28,29,31,33,35,36,187,95,159,120,119,138,149,190,92,101,181,153,189,62,115,86,53,49,98,99,121,169,59,123,108,96,84,158,65,111,56,47,185,82,74,180,134,139,107,191,146,141,193,143,87,61,97,75,171,114,130,173,85,64,167,67,154,43,124,110,112,66,162,151,147,133,163,137,160,131,125,148,186,83,113,127,129,57,100,76,157,142,42,144,88,41,128,166,94,58,55,135,89,174,93,140,51,77,81,195,118,116,109,106,176,183,44,63,80,161,48,52,184,164,175,152,105,73,132,182,170,102,136,90,70,177,179,78,178,117,79,192,172,72,103,122,155,168,150,54,69,104,126,45,145,46,91,165,50,68,60,71,156,1]",6.06,1.01,1.04,2.53
"[0,2,13,17,15,16,188,194,196,197,3,5,6,7,8,9,10,11,12,18,19,32,38,20,37,34,23,14,40,21,28,29,31,33,35,36,187,39,22,24,26,27,25,30,156,100,123,159,132,151,74,127,143,179,178,117,106,77,83,51,50,125,124,158,181,128,175,97,98,99,52,94,96,193,57,88,75,162,43,192,91,163,42,120,47,89,155,164,116,169,189,65,82,104,78,111,103,54,147,167,157,171,64,73,154,115,152,56,190,41,183,90,62,121,122,148,70,137,55,60,46,138,153,141,130,92,149,59,61,119,176,76,136,68,84,86,110,139,71,45,166,87,145,85,182,53,108,172,173,135,112,170,48,133,146,95,129,174,150,186,93,80,102,168,67,101,142,114,161,105,63,185,180,160,144,177,131,126,69,134,107,79,191,109,113,118,49,72,195,58,165,184,140,66,44,81,4,1]",6.06,1.01,1.04,2.53
"[0,2,13,17,15,16,188,194,196,197,3,5,6,7,8,9,10,11,12,18,19,21,28,29,31,33,35,36,32,40,25,59,62,70,134,156,175,100,179,85,92,51,195,60,162,50,97,99,182,186,141,109,45,137,142,79,130,192,166,105,158,93,143,115,71,193,82,43,189,46,136,112,144,47,149,55,131,171,168,88,191,83,63,118,104,66,172,126,190,139,67,48,98,72,56,116,151,181,96,42,107,159,163,146,127,106,44,164,140,138,113,178,117,145,165,114,123,65,167,89,94,52,74,76,183,152,121,133,53,150,41,111,125,64,120,61,157,147,110,78,68,75,95,174,49,170,177,160,153,124,148,169,173,84,73,155,119,86,87,54,80,57,129,69,176,102,81,58,128,91,184,122,161,180,103,108,185,135,90,101,77,154,132,30,34,20,14,39,23,22,24,26,27,187,37,4,38,1]",6.06,1.01,1.04,2.53
"[0,2,13,17,14,15,16,188,194,196,197,3,5,6,7,8,9,10,11,12,18,19,34,22,24,26,27,37,39,25,40,21,28,29,31,33,35,36,187,38,30,4,20,23,32,149,125,183,58,69,52,88,164,62,141,192,168,54,135,80,186,184,48,98,99,66,148,174,176,47,159,161,147,110,46,171,115,42,119,134,114,158,156,153,182,150,111,195,102,120,53,108,139,86,142,63,181,94,105,177,90,154,75,55,122,41,85,155,97,109,71,103,178,118,79,95,172,101,189,162,67,92,132,45,167,152,143,43,131,100,126,73,191,84,81,160,112,173,128,89,74,157,169,60,64,82,116,107,163,65,129,146,175,185,170,117,44,145,57,70,165,180,130,133,87,49,127,96,56,83,179,193,59,77,78,104,121,151,113,140,166,93,138,106,72,51,76,123,91,68,136,61,190,144,50,124,137,1]",6.06,1.01,1.04,2.53
